￥79.00,python编程 从入门到实践 零基础学python3.5 pathon核心技术网络爬虫书籍,阅轩图书专营店,对比
￥33.80,用Python写网络爬虫 第2版 爬虫书籍教程 数据爬取采集分析教程书籍,蓝墨水图书专营店,券99-2
￥39.20,Python编程无师自通 专业程序员的养成 Python3网络爬虫开发教程书籍 点击购买套装书查看Python 3网络爬虫开发实战+Python编程无师自通,蓝墨水图书专营店,券99-2
￥36.80,解析Python网络爬虫 核心技术 Scrapy框架 分布式爬虫书籍 Python网络爬虫程序编写技术教程 Redis缓存技术 Scrapy技术教程书籍,蓝墨水图书专营店,券99-2
￥45.40,精通Scrapy网络爬虫 正版书籍 新华书店发货 二手99新 开学季 感恩回馈，特惠专场，点击进入。,古的旧书图书专营店,券99-10
￥53.10,玩转Python网络爬虫 正版书籍 新华书店发货 二手99新 开学季 感恩回馈，特惠专场，点击进入。,古的旧书图书专营店,券99-10
￥48.10,从零开始学Python网络爬虫 正版书籍 新华书店发货 二手99新 开学季 感恩回馈，特惠专场，点击进入。,古的旧书图书专营店,券99-10
￥27.30,奇妙的爬虫 正版书籍 新华书店发货 二手99新,古的旧书图书专营店,券99-10
￥44.50,精通Scrapy网络爬虫 正版书籍 新华书店发货 二手99新,布客旧书专营店,满29-3
￥15.00,波特莱尔大冒险?可怕的爬虫屋 正版书籍 新华书店发货 二手99新 开学季 以阅读开启智慧，让智慧点亮未来！正版书籍，点击进入,古的旧书图书专营店,券99-10
￥79.00,Python 3网络爬虫开发实战 博客文章访问量过百万的博主倾力打造，教你学会如何用Python 3开发爬虫,人民邮电出版社65周年社庆,自营
￥42.50,毫无障碍学Python编程从入门到实践python3.0绝技核心编程教程网络爬虫入门,蓝墨水图书专营店,券99-2
￥98.50,包邮 玩转Django 2.0+玩转Python网络爬虫书籍 黄永祥 区域包邮 基于Python 3从零基础到项目实战书籍 深入剖析Django 2.0书籍,蓝墨水图书专营店,券99-2
￥108.00,包邮Python 3网络爬虫开发实战+Python网络爬虫从入门到实践教程书籍 全新正版 区域包邮 用Python编写网络爬虫程序书,蓝墨水图书专营店,券99-2
￥48.10,Python网络爬虫实战 正版书籍 新华书店发货 二手99新 开学季 感恩回馈，特惠专场，点击进入。,古的旧书图书专营店,券99-10
￥110.60,包邮Django 2.0 入门与实践 +玩转Python网络爬虫书籍 区域包邮,蓝墨水图书专营店,券99-2
￥103.50,包邮 Python爬虫开发与项目实战+Python网络爬虫实战 2本 网络爬虫书籍,蓝墨水图书专营店,券99-2
￥48.10,Python网络爬虫实战 正版书籍 新华书店发货 二手99新,布客旧书专营店,满29-3
￥51.80,包邮 玩转Python网络爬虫 黄永祥 著 程序设计Python网络爬虫书籍 清华大学出版社,兰兴达图书专营店,免邮
￥155.60,【包邮】笨办法学Python3+Python3 网络爬虫开发实战+Python 3爬虫 书籍,蓝墨水图书专营店,券99-2
￥20.20,神奇动物档案（爬虫世界） 正版书籍 新华书店发货 二手99新 开学季 以阅读开启智慧，让智慧点亮未来！正版书籍，点击进入,古的旧书图书专营店,券99-10
￥45.50,用Python写网络爬虫 第二2版 python3网络爬虫开发实战 爬虫书籍教程 数据爬取采集分析,武进新华图书专营店,对比
￥51.50,【正版包邮】网络爬虫全解析 技术、原理与实践 网络爬虫教程书籍 python网络爬虫,蓝墨水图书专营店,券99-2
￥36.80,用Python写网络爬虫（第2版） 正版书籍 新华书店发货 二手99新 开学季 感恩回馈，特惠专场，点击进入。,古的旧书图书专营店,券99-10
￥46.90,从零开始学Python网络爬虫 Python编程 Python入门到实践 网络爬虫书籍 区域包邮,旷氏文豪图书专营店,免邮
￥109.80,包邮 虫术Python绝技+Python3爬虫数据清洗与可视化实战 python3网络爬虫教程,蓝墨水图书专营店,券99-2
￥39.10,自己动手写网络爬虫（修订版） 正版书籍 新华书店发货 二手99新 开学季 感恩回馈，特惠专场，点击进入。,古的旧书图书专营店,券99-10
￥73.90,PYTHON3网络爬虫开发实战 正版书籍 新华书店发货 二手99新 开学季 感恩回馈，特惠专场，点击进入。,古的旧书图书专营店,券99-10
￥102.00,【赠源代码】Python编程从入门到实践 python3.5绝技核心编程基础教程 网络爬虫入门,蓝墨水图书专营店,券99-2
￥39.10,自己动手写网络爬虫（修订版） 正版书籍 新华书店发货 二手99新,布客旧书专营店,满29-3
￥79.00,python编程 从入门到实践 零基础学python3.5 pathon核心技术网络爬虫书籍,300+条评价,阅轩图书专营店
￥33.80,用Python写网络爬虫 第2版 爬虫书籍教程 数据爬取采集分析教程书籍,3条评价,蓝墨水图书专营店
￥39.20,Python编程无师自通 专业程序员的养成 Python3网络爬虫开发教程书籍 点击购买套装书查看Python 3网络爬虫开发实战+Python编程无师自通,20+条评价,蓝墨水图书专营店
￥36.80,解析Python网络爬虫 核心技术 Scrapy框架 分布式爬虫书籍 Python网络爬虫程序编写技术教程 Redis缓存技术 Scrapy技术教程书籍,7条评价,蓝墨水图书专营店
￥45.40,精通Scrapy网络爬虫 正版书籍 新华书店发货 二手99新 开学季 感恩回馈，特惠专场，点击进入。,0条评价,古的旧书图书专营店
￥53.10,玩转Python网络爬虫 正版书籍 新华书店发货 二手99新 开学季 感恩回馈，特惠专场，点击进入。,0条评价,古的旧书图书专营店
￥48.10,从零开始学Python网络爬虫 正版书籍 新华书店发货 二手99新 开学季 感恩回馈，特惠专场，点击进入。,0条评价,古的旧书图书专营店
￥27.30,奇妙的爬虫 正版书籍 新华书店发货 二手99新,0条评价,古的旧书图书专营店
￥44.50,精通Scrapy网络爬虫 正版书籍 新华书店发货 二手99新,0条评价,布客旧书专营店
￥15.00,波特莱尔大冒险?可怕的爬虫屋 正版书籍 新华书店发货 二手99新 开学季 以阅读开启智慧，让智慧点亮未来！正版书籍，点击进入,0条评价,古的旧书图书专营店
￥79.00,Python 3网络爬虫开发实战 博客文章访问量过百万的博主倾力打造，教你学会如何用Python 3开发爬虫,1.5万+条评价,人民邮电出版社65周年社庆
￥42.50,毫无障碍学Python编程从入门到实践python3.0绝技核心编程教程网络爬虫入门,60+条评价,蓝墨水图书专营店
￥98.50,包邮 玩转Django 2.0+玩转Python网络爬虫书籍 黄永祥 区域包邮 基于Python 3从零基础到项目实战书籍 深入剖析Django 2.0书籍,10+条评价,蓝墨水图书专营店
￥108.00,包邮Python 3网络爬虫开发实战+Python网络爬虫从入门到实践教程书籍 全新正版 区域包邮 用Python编写网络爬虫程序书,80+条评价,蓝墨水图书专营店
￥48.10,Python网络爬虫实战 正版书籍 新华书店发货 二手99新 开学季 感恩回馈，特惠专场，点击进入。,0条评价,古的旧书图书专营店
￥110.60,包邮Django 2.0 入门与实践 +玩转Python网络爬虫书籍 区域包邮,4条评价,蓝墨水图书专营店
￥103.50,包邮 Python爬虫开发与项目实战+Python网络爬虫实战 2本 网络爬虫书籍 点击购买套装书查看Python网络数据采集+用Python写网络爬虫+爬虫开发与项目实战,1条评价,蓝墨水图书专营店
￥48.10,Python网络爬虫实战 正版书籍 新华书店发货 二手99新,0条评价,布客旧书专营店
￥51.80,包邮 玩转Python网络爬虫 黄永祥 著 程序设计Python网络爬虫书籍 清华大学出版社,0条评价,兰兴达图书专营店
￥155.60,【包邮】笨办法学Python3+Python3 网络爬虫开发实战+Python 3爬虫 书籍 python编程入门书籍 Scrapy数据分析处理手册书籍,0条评价,蓝墨水图书专营店
￥20.20,神奇动物档案（爬虫世界） 正版书籍 新华书店发货 二手99新 开学季 以阅读开启智慧，让智慧点亮未来！正版书籍，点击进入,0条评价,古的旧书图书专营店
￥45.50,用Python写网络爬虫 第二2版 python3网络爬虫开发实战 爬虫书籍教程 数据爬取采集分析,0条评价,武进新华图书专营店
￥51.50,【正版包邮】网络爬虫全解析 技术、原理与实践 网络爬虫教程书籍 python网络爬虫,9条评价,蓝墨水图书专营店
￥36.80,用Python写网络爬虫（第2版） 正版书籍 新华书店发货 二手99新 开学季 感恩回馈，特惠专场，点击进入。,0条评价,古的旧书图书专营店
￥46.90,从零开始学Python网络爬虫 Python编程 Python入门到实践 网络爬虫书籍 区域包邮,40+条评价,旷氏文豪图书专营店
￥109.80,包邮 虫术Python绝技+Python3爬虫数据清洗与可视化实战 python3网络爬虫教程,0条评价,蓝墨水图书专营店
￥39.10,自己动手写网络爬虫（修订版） 正版书籍 新华书店发货 二手99新 开学季 感恩回馈，特惠专场，点击进入。,0条评价,古的旧书图书专营店
￥73.90,PYTHON3网络爬虫开发实战 正版书籍 新华书店发货 二手99新 开学季 感恩回馈，特惠专场，点击进入。,0条评价,古的旧书图书专营店
￥102.00,【赠源代码】Python编程从入门到实践 python3.5绝技核心编程基础教程 网络爬虫入门,0条评价,蓝墨水图书专营店
￥39.10,自己动手写网络爬虫（修订版） 正版书籍 新华书店发货 二手99新,0条评价,布客旧书专营店
￥38.80,Python3爬虫、数据清洗与可视化实战 网络爬虫教程书籍数据抓取技术语言网络数据爬取,0条评价,科宇图书专营店
￥17.90,爬虫/玩转折纸 正版书籍 新华书店发货 二手99新 开学季 感恩回馈，特惠专场，点击进入。,0条评价,古的旧书图书专营店
￥36.80,用Python写网络爬虫 第二2版 python3网络爬虫开发实战 爬虫书籍教程 数据爬 凤凰有好书，满99减10，满199减20，点击进入,0条评价,凤凰新华书店旗舰店
￥45.80,包邮 Python 3.6零基础入门与实战 王启明 罗从良 著 Python3.6入门 爬虫编程书籍,0条评价,兰兴达图书专营店
￥95.80,包邮Python网络爬虫实战 第2版+用Python写网络爬虫第2版书籍 区域包邮 python3网络爬虫开发实战 python3.6编程基础教程书籍,0条评价,蓝墨水图书专营店
￥39.50,包邮 Python网络爬虫实例教程 视频讲解版 有趣 好玩 有深度的Python网络爬虫课程,0条评价,兰兴达图书专营店
￥41.90,自己动手写网络爬虫（修订版）java语言 程序代码设计 罗刚 网络爬虫书籍 数据抓取,0条评价,鹰辰图书专营店
￥53.80,包邮 玩转Python网络爬虫 黄永祥 程序设计Python网络爬虫 书籍 区域包邮,0条评价,旷氏文豪图书专营店
￥209.80,包邮Python从菜鸟到高手+Python Web开发实战+用Python写网络爬虫 第2版书籍,0条评价,蓝墨水图书专营店
￥109.00,包邮 Django 2.0 入门与实践+玩转Python网络爬虫书籍 Django 2.0开发教程书 区域包邮2本 Python语言编程应用 Web网站项目开发实战应用 网站架构开发全流程书籍,0条评价,春雨图书专营店
￥170.00,Python编程快速上手+Java编程思想（第4版）全2册 网络爬虫书籍计算机 视频编程从入门到精通,0条评价,清流图书专营店
￥71.60,包邮 Python 3网络爬虫开发实战 Python 3开发爬虫书籍 崔庆才 区域包邮 数据爬取技术 pyspider Scrapy框架设计书籍,0条评价,春雨图书专营店
￥97.50,包邮 玩转Django 2.0+玩转Python网络爬虫书籍 黄永祥2本 区域包邮 基于Python 3从零基础到项目实战书籍 深入剖析Django 2.0书籍,0条评价,春雨图书专营店
￥95.00,Python网络爬虫实战 第2版+用Python写网络爬虫书籍 2本 区域包邮 品质好书 正版保障服务 发货及时 售后无忧X9,0条评价,荣丰通达图书专营店
￥175.70,yton编程快速上手+Java编程思想（第4版）全2册 网络爬虫书籍计算机 视频编程从入门到精通程序,0条评价,博鸿图书专营店
￥73.00,Python编程从入门到实践python3.0绝技核心编程基础教程网络爬虫入门书籍python视频,0条评价,辽宁音像出版社图书专营店
￥181.60,包邮 虫术 Python绝技 +Python 3网络爬虫开发实战+用Python写网络爬虫书籍 3本,1条评价,春雨图书专营店
￥60.80,Python网络爬虫实战（第2版） 正版书籍 新华书店发货 二手99新 开学季 感恩回馈，特惠专场，点击进入。,0条评价,古的旧书图书专营店
￥102.90,疯狂yton讲义 李刚编著yton从入门到精通 精通计算机程序设计yton核心技术网络爬虫书籍yto,0条评价,博鸿图书专营店
￥110.60,包邮 Django 2.0 入门与实践 +玩转Python网络爬虫书籍 区域包邮 正品保证售后无忧 Django 2.0 入门与实践 +玩转Python网络爬虫,0条评价,荣丰通达图书专营店
￥101.20,玩转Django 2.0+玩转Python网络爬虫书籍 黄永祥2本 区域包邮 品质好书 正版保障服务 发货及时 售后无忧X9,0条评价,荣丰通达图书专营店
￥169.80,包邮Python网络爬虫实战 第2版+用Python写网络爬虫+Python3 网络爬虫开发实战,0条评价,蓝墨水图书专营店
￥48.60,数据科学实战之网络爬取 Python实践和示例 Python编程网络爬取爬虫指南教程,2条评价,蓝墨水图书专营店
￥133.60,包邮Python网络爬虫实战第2版+Python 3网络爬虫开发实战书籍 区域包邮,0条评价,蓝墨水图书专营店
￥40.00,Python网络爬虫从入门到实践 正版书籍 新华书店发货 二手99新 开学季 感恩回馈，特惠专场，点击进入。,0条评价,古的旧书图书专营店
￥41.60,Python 3.6零基础入门与实战 Python3 网络爬虫开发教程书籍 Scrapy数据分析处理方法gerapy爬虫管理python网络爬虫编程教程入门书,0条评价,蓝墨水图书专营店
￥118.60,包邮Python编程无师自通 专业程序员的养成+Python 3网络爬虫开发实战书籍 区域包邮 用Python写网络爬虫 计算机编程入门基础到精通教程书籍,0条评价,蓝墨水图书专营店
￥183.50,包邮 虫术 Python绝技+用Python写网络爬虫第2版+Python 3网络爬虫开发实战书籍,5条评价,蓝墨水图书专营店
￥42.30,精通Scrapy网络爬虫 scrapy爬虫编写教程书籍 scrapy爬虫编程程序设计,70+条评价,蓝墨水图书专营店
￥109.80,包邮Python网络爬虫实战 第2版+玩转Python网络爬虫程序设计书籍 区域包邮 Python网络爬虫数据分析采集Python 3Scrapy使用书籍,0条评价,蓝墨水图书专营店
￥51.60,包邮 数据科学实战之网络爬取 Python实践和示例 Python编程网络爬取爬虫指南教程,0条评价,兰兴达图书专营店
￥39.00,用Python写网络爬虫 2版 python3网络爬虫开发实战 数据爬取采集分析 爬虫教程,1条评价,旷氏文豪图书专营店
￥91.00,上海速发 Python编程从入门到实践 python基础教程 Python核心编程网络爬虫书籍 利用,0条评价,聚齐儿图书专营店
￥40.00,Python网络爬虫从入门到实践 正版书籍 新华书店发货 二手99新,0条评价,布客旧书专营店
￥118.60,包邮 Python编程无师自通 专业程序员的养成+Python 3网络爬虫开发实战书籍 共2册,0条评价,兰兴达图书专营店
￥103.80,包邮Python 3.6零基础入门与实战+Python网络爬虫实战第2版书籍 区域包邮 Python3网络爬虫基础教程Python网络爬虫从入门到实践程序代码设计书籍,0条评价,蓝墨水图书专营店
￥41.20,自己动手写网络爬虫（修订版）java语言 程序代码设计 罗刚 网络爬虫书籍 数据抓取,0条评价,黄金屋图书专营店
￥35.30,Python 3爬虫 数据清洗与可视化实战 Python数据抓取技术 python3网络爬虫教程,0条评价,云聚算图书专营店
￥98.00,包邮玩转Django 2.0+玩转Python网络爬虫书籍 黄永祥2本 区域包邮 基于Python 3从零基础到项目实战书籍 深入剖析Django 2.0书籍,2条评价,书海寻梦图书专营店
￥95.00,包邮 Python网络爬虫实战 第2版+用Python写网络爬虫书籍 2本 区域包邮 python3网络爬虫开发实战 爬虫书籍教程 数据爬取采集分析教程书籍L9,0条评价,书海寻梦图书专营店
￥34.20,用Python写网络爬虫 第2 版 爬虫书籍教程 数据爬取采集分析教程书籍 C7正版书籍,0条评价,书海寻梦图书专营店
￥147.50,包邮 虫术 Python绝技+Python 3网络爬虫开发实战 深入分析爬虫测试与调试书籍,2条评价,蓝墨水图书专营店
￥155.60,笨办法学Python3+Python3 网络爬虫开发实战+Python 3爬虫 书籍 C5 python编程入门书籍 Scrapy数据分析处理手册书籍,0条评价,书海寻梦图书专营店
￥30.10,少儿科普书系奇妙的爬虫 畅销书籍 童书 正版 (英)嘉莉・洛夫 满额包邮 正版保证 优质服务 海量选择,0条评价,智胜图书专营店
￥115.00,疯狂Python讲义 李刚 著 计算机程序设计pathon核心技术网络爬虫书籍 零基础入门学习Pyt,0条评价,书墨飘香图书专营店
￥63.70,Python爬虫开发与项目实战 正版书籍 新华书店发货 二手99新 开学季 感恩回馈，特惠专场，点击进入。,0条评价,古的旧书图书专营店
￥19.60,玩转折纸--爬虫 童书 书籍,0条评价,读买天下图书专营店
￥72.00,现货 像计算机科学家一样思考Python 第2版 核心编程基础视频教程网络爬虫入门书籍 pytho,0条评价,名洋图书专营店
￥46.00,像计算机科学家一样思考Python 第2版 绝技核心编程基础视频教程网络爬虫入门书籍 python从,0条评价,清流图书专营店
￥63.70,Python爬虫开发与项目实战 正版书籍 新华书店发货 二手99新,0条评价,布客旧书专营店
￥81.00,正版 网络爬虫全解析 技术原理与实践/网络爬虫教程书籍/python网络爬虫/网络数据采集/数据抓取,0条评价,名洋图书专营店
￥41.00,像计算机科学家一样思考yton 第2版 绝技核心编程基础视频教程网络爬虫入门书籍yton从入门到精通,0条评价,博鸿图书专营店
￥74.00,虫术-Python绝技 Python编程技巧 python绝技核心编程基础教程网络爬虫入门书籍pyt,0条评价,清流图书专营店
￥35.00,Python网络爬虫实例教程 视频讲解版 有趣 好玩 有深度的Python网络爬虫课程书籍,0条评价,荣丰通达图书专营店
￥104.00,Python学习手册 第4版 Python基础教程运维实践 核心编程基础教程网络爬虫入门书籍pyth,0条评价,清流图书专营店
￥17.40,神奇动物档案:爬虫 童书 书籍 科普/百科,0条评价,读买天下图书专营店
￥66.60,包邮Python编程从入门到实践python3核心编程基础教程网络爬虫入门书籍 零基础学python,0条评价,春雨图书专营店
￥190.68,Python编程快速上手+Java编程思想（第4版）全2册 网络爬虫书籍计算机 视频编程从入门到精通,0条评价,尚品尚轩图书专营店
￥42.20,自己动手写网络爬虫（修订版）java语言 程序代码设计 罗刚 网络爬虫书籍 数据抓取,0条评价,华下博文图书专营店
￥235.20,【2本】Python基础教程 Python编程从入门到精通 pathon核心技术网络爬虫书籍 零基础,0条评价,尚品尚轩图书专营店
￥33.60,包邮 Python 3爬虫、数据清洗与可视化实战 零一 python3网络爬虫教程书籍 区域包邮 Python数据抓取技术 Python工具书 Python基础入门书,春雨图书专营店,免邮
￥208.32,【套餐2本】Python基础教程 Python编程从入门到精通 python数据结构网络爬虫书籍 P,尚品尚轩图书专营店,对比
￥102.00,【赠源代码】Python编程从入门到实践 python3.5绝技核心编程基础教程 网络爬虫入门,荣丰通达图书专营店,放心购
￥97.72,上海速发 Python编程从入门到实践 python基础教程 Python核心编程网络爬虫书籍 利用,尚品尚轩图书专营店,对比
￥158.20,yton编程快速上手让繁琐工作自动化+yton核心编程第3版2册 编程基础教程网络入门yto,博鸿图书专营店,对比
￥74.30,正版现货 python编程从入门到精通 零基础学python从入门到实践python爬虫书籍 pyt,宏田墨农图书专营店,对比
￥53.80,Python编程从入门到精通书籍 web开发大数据网络爬虫项目开发实战书籍,蓝墨水图书专营店,对比
￥42.60,Python数据爬取技术与实战手册 Python 3网络爬虫开发实战教程书籍 Python网络爬虫从入门到实践 网络爬虫技术 Scrapy框架开发书,蓝墨水图书专营店,对比
￥94.00,Python 数据处理 Python编程从入门到实践 核心编程基础教程 网络爬虫入门书籍 pytho,小脚鸭图书专营店,放心购
￥93.00,正版 Python编程从入门到实践 python3.0绝技核心编程基础教程 网络爬虫入门书籍 pyt,蓝色乐享图书专营店,对比
￥18.20,神奇动物档案:爬虫 童书 书籍 囤书过大年，悦读越欢喜。,蔚蓝书店,放心购
￥89.00,正版 Python编程从入门到实践 python3.0绝技核心编程基础教程 网络爬虫入门书籍 pyt,博雅馨轩图书专营店,放心购
￥91.00,上海速发 Python编程从入门到实践 python基础教程 Python核心编程网络爬虫书籍 利用,秋色宜人图书专营店,对比
￥31.90,Python 3爬虫 数据清洗与可视化实战 零一 Python3网络爬虫开发实战教程书籍,蓝墨水图书专营店,对比
￥19.60,玩转折纸--爬虫 童书 书籍 囤书过大年，悦读越欢喜。,蔚蓝书店,放心购
￥72.60,包邮 虫术 Python绝技 梁睿坤 著 Python 3网络爬虫开发实战教程书籍 区域包邮 深入分析爬虫测试与调试过程 可视化爬虫详解 Scrapy数据分析处理书籍,蓝墨水图书专营店,对比
￥80.00,2018新版 Python编程从入门到实践python3.5绝技核心编程基础教程网络爬虫入门py,小脚鸭图书专营店,放心购
￥94.00,Python 金融大数据分析 Python编程从入门到实践 核心编程基础教程 网络爬虫入门 py,小脚鸭图书专营店,放心购
￥41.80,Python 3.7编程快速入门 Python3网络爬虫项目开发教程书籍 精通python3.7核心编程基础教程Scrapy爬虫实战Python编程从入门到实践书籍,蓝墨水图书专营店,对比
￥138.00,2本套 Python编程+网络爬虫入门书籍 Python程序设计书籍 网络爬虫从入门到精通 Pyth,小脚鸭图书专营店,放心购
￥93.00,现货 Python编程从入门到实践python3.5绝技核心编程基础教程网络爬虫入门书籍python,蓝色乐享图书专营店,对比
￥95.80,【包邮】玩转Python网络爬虫+HTTP抓包实战 Python3网络爬虫项目开发教程书籍,蓝墨水图书专营店,对比
￥122.00,【赠源代码】Python编程从入门到实践 python3.5绝技核心编程基础教程 网络爬虫入门,小脚鸭图书专营店,放心购
￥90.00,利用Python进行数据分析 Python编程从入门到实践 核心编程基础教程 网络爬虫入门 py,小脚鸭图书专营店,放心购
￥147.80,包邮用Python写网络爬虫 第2版+网络爬虫开发实战+Python网络爬虫从入门到实践,蓝墨水图书专营店,对比
￥112.00,包邮Python 3网络爬虫开发实战+Python网络爬虫从入门到实践教程书籍 全新正版 区域包邮 用Python编写网络爬虫程序书,义博图书专营店,对比
￥77.00,Python数据分析基础 Python编程从入门到实践 核心编程基础教程 网络爬虫入门 pyth,小脚鸭图书专营店,放心购
￥118.00,[2本套] 父与子的编程之旅+教孩子学编程 核心编程基础教程网络爬虫入门书籍python视频编程从入,小脚鸭图书专营店,放心购
￥65.00,Python 网络数据采集 Python编程从入门到实践 核心编程基础教程 网络爬虫入门 pyt,小脚鸭图书专营店,放心购
￥55.54,玩转PYTHON网络爬虫 黄永祥 图书籍,中梦图书专营店,放心购
￥51.60,包邮 数据科学实战之网络爬取 Python实践和示例 Python编程网络爬取爬虫指南教程,0条评价,兰兴达图书专营店
￥39.00,用Python写网络爬虫 2版 python3网络爬虫开发实战 数据爬取采集分析 爬虫教程,1条评价,旷氏文豪图书专营店
￥79.00,python编程 从入门到实践 零基础学python3.5 pathon核心技术网络爬虫书籍,300+条评价,阅轩图书专营店
￥39.20,Python编程无师自通 专业程序员的养成 Python3网络爬虫开发教程书籍 点击购买套装书查看Python 3网络爬虫开发实战+Python编程无师自通,20+条评价,蓝墨水图书专营店
￥33.80,用Python写网络爬虫 第2版 爬虫书籍教程 数据爬取采集分析教程书籍,3条评价,蓝墨水图书专营店
￥36.80,解析Python网络爬虫 核心技术 Scrapy框架 分布式爬虫书籍 Python网络爬虫程序编写技术教程 Redis缓存技术 Scrapy技术教程书籍,7条评价,蓝墨水图书专营店
￥79.00,Python 3网络爬虫开发实战 博客文章访问量过百万的博主倾力打造，教你学会如何用Python 3开发爬虫,1.5万+条评价,人民邮电出版社65周年社庆
￥45.40,精通Scrapy网络爬虫 正版书籍 新华书店发货 二手99新 开学季 感恩回馈，特惠专场，点击进入。,0条评价,古的旧书图书专营店
￥44.50,精通Scrapy网络爬虫 正版书籍 新华书店发货 二手99新,0条评价,布客旧书专营店
￥27.30,奇妙的爬虫 正版书籍 新华书店发货 二手99新,0条评价,古的旧书图书专营店
￥53.10,玩转Python网络爬虫 正版书籍 新华书店发货 二手99新 开学季 感恩回馈，特惠专场，点击进入。,0条评价,古的旧书图书专营店
￥48.10,从零开始学Python网络爬虫 正版书籍 新华书店发货 二手99新 开学季 感恩回馈，特惠专场，点击进入。,0条评价,古的旧书图书专营店
￥15.00,波特莱尔大冒险?可怕的爬虫屋 正版书籍 新华书店发货 二手99新 开学季 以阅读开启智慧，让智慧点亮未来！正版书籍，点击进入,0条评价,古的旧书图书专营店
￥48.10,Python网络爬虫实战 正版书籍 新华书店发货 二手99新 开学季 感恩回馈，特惠专场，点击进入。,0条评价,古的旧书图书专营店
￥48.10,Python网络爬虫实战 正版书籍 新华书店发货 二手99新,0条评价,布客旧书专营店
￥42.50,毫无障碍学Python编程从入门到实践python3.0绝技核心编程教程网络爬虫入门,60+条评价,蓝墨水图书专营店
￥108.00,包邮Python 3网络爬虫开发实战+Python网络爬虫从入门到实践教程书籍 全新正版 区域包邮 用Python编写网络爬虫程序书,80+条评价,蓝墨水图书专营店
￥20.20,神奇动物档案（爬虫世界） 正版书籍 新华书店发货 二手99新 开学季 以阅读开启智慧，让智慧点亮未来！正版书籍，点击进入,0条评价,古的旧书图书专营店
￥98.50,包邮 玩转Django 2.0+玩转Python网络爬虫书籍 黄永祥 区域包邮 基于Python 3从零基础到项目实战书籍 深入剖析Django 2.0书籍,10+条评价,蓝墨水图书专营店
￥155.60,【包邮】笨办法学Python3+Python3 网络爬虫开发实战+Python 3爬虫 书籍 python编程入门书籍 Scrapy数据分析处理手册书籍,0条评价,蓝墨水图书专营店
￥110.60,包邮Django 2.0 入门与实践 +玩转Python网络爬虫书籍 区域包邮,4条评价,蓝墨水图书专营店
￥103.50,包邮 Python爬虫开发与项目实战+Python网络爬虫实战 2本 网络爬虫书籍 点击购买套装书查看Python网络数据采集+用Python写网络爬虫+爬虫开发与项目实战,1条评价,蓝墨水图书专营店
￥36.80,用Python写网络爬虫（第2版） 正版书籍 新华书店发货 二手99新 开学季 感恩回馈，特惠专场，点击进入。,0条评价,古的旧书图书专营店
￥51.80,包邮 玩转Python网络爬虫 黄永祥 著 程序设计Python网络爬虫书籍 清华大学出版社,0条评价,兰兴达图书专营店
￥45.50,用Python写网络爬虫 第二2版 python3网络爬虫开发实战 爬虫书籍教程 数据爬取采集分析,0条评价,武进新华图书专营店
￥39.10,自己动手写网络爬虫（修订版） 正版书籍 新华书店发货 二手99新 开学季 感恩回馈，特惠专场，点击进入。,0条评价,古的旧书图书专营店
￥39.10,自己动手写网络爬虫（修订版） 正版书籍 新华书店发货 二手99新,0条评价,布客旧书专营店
￥51.50,【正版包邮】网络爬虫全解析 技术、原理与实践 网络爬虫教程书籍 python网络爬虫,9条评价,蓝墨水图书专营店
￥46.90,从零开始学Python网络爬虫 Python编程 Python入门到实践 网络爬虫书籍 区域包邮,40+条评价,旷氏文豪图书专营店
￥73.90,PYTHON3网络爬虫开发实战 正版书籍 新华书店发货 二手99新 开学季 感恩回馈，特惠专场，点击进入。,0条评价,古的旧书图书专营店
￥17.90,爬虫/玩转折纸 正版书籍 新华书店发货 二手99新 开学季 感恩回馈，特惠专场，点击进入。,0条评价,古的旧书图书专营店
￥102.00,【赠源代码】Python编程从入门到实践 python3.5绝技核心编程基础教程 网络爬虫入门,0条评价,蓝墨水图书专营店
￥53.80,包邮 玩转Python网络爬虫 黄永祥 程序设计Python网络爬虫 书籍 区域包邮,0条评价,旷氏文豪图书专营店
￥109.80,包邮 虫术Python绝技+Python3爬虫数据清洗与可视化实战 python3网络爬虫教程,0条评价,蓝墨水图书专营店
￥36.80,用Python写网络爬虫 第二2版 python3网络爬虫开发实战 爬虫书籍教程 数据爬 凤凰有好书，满99减10，满199减20，点击进入,0条评价,凤凰新华书店旗舰店
￥95.80,包邮Python网络爬虫实战 第2版+用Python写网络爬虫第2版书籍 区域包邮 python3网络爬虫开发实战 python3.6编程基础教程书籍,0条评价,蓝墨水图书专营店
￥38.80,Python3爬虫、数据清洗与可视化实战 网络爬虫教程书籍数据抓取技术语言网络数据爬取,0条评价,科宇图书专营店
￥39.50,包邮 Python网络爬虫实例教程 视频讲解版 有趣 好玩 有深度的Python网络爬虫课程,0条评价,兰兴达图书专营店
￥60.80,Python网络爬虫实战（第2版） 正版书籍 新华书店发货 二手99新 开学季 感恩回馈，特惠专场，点击进入。,0条评价,古的旧书图书专营店
￥209.80,包邮Python从菜鸟到高手+Python Web开发实战+用Python写网络爬虫 第2版书籍,0条评价,蓝墨水图书专营店
￥45.80,包邮 Python 3.6零基础入门与实战 王启明 罗从良 著 Python3.6入门 爬虫编程书籍,0条评价,兰兴达图书专营店
￥102.90,疯狂yton讲义 李刚编著yton从入门到精通 精通计算机程序设计yton核心技术网络爬虫书籍yto,0条评价,博鸿图书专营店
￥109.00,包邮 Django 2.0 入门与实践+玩转Python网络爬虫书籍 Django 2.0开发教程书 区域包邮2本 Python语言编程应用 Web网站项目开发实战应用 网站架构开发全流程书籍,0条评价,春雨图书专营店
￥110.60,包邮 Django 2.0 入门与实践 +玩转Python网络爬虫书籍 区域包邮 正品保证售后无忧 Django 2.0 入门与实践 +玩转Python网络爬虫,0条评价,荣丰通达图书专营店
￥73.00,Python编程从入门到实践python3.0绝技核心编程基础教程网络爬虫入门书籍python视频,0条评价,辽宁音像出版社图书专营店
￥71.60,包邮 Python 3网络爬虫开发实战 Python 3开发爬虫书籍 崔庆才 区域包邮 数据爬取技术 pyspider Scrapy框架设计书籍,0条评价,春雨图书专营店
￥101.20,玩转Django 2.0+玩转Python网络爬虫书籍 黄永祥2本 区域包邮 品质好书 正版保障服务 发货及时 售后无忧X9,0条评价,荣丰通达图书专营店
￥95.00,Python网络爬虫实战 第2版+用Python写网络爬虫书籍 2本 区域包邮 品质好书 正版保障服务 发货及时 售后无忧X9,0条评价,荣丰通达图书专营店
￥175.70,yton编程快速上手+Java编程思想（第4版）全2册 网络爬虫书籍计算机 视频编程从入门到精通程序,0条评价,博鸿图书专营店
￥41.90,自己动手写网络爬虫（修订版）java语言 程序代码设计 罗刚 网络爬虫书籍 数据抓取,0条评价,鹰辰图书专营店
￥181.60,包邮 虫术 Python绝技 +Python 3网络爬虫开发实战+用Python写网络爬虫书籍 3本,1条评价,春雨图书专营店
￥170.00,Python编程快速上手+Java编程思想（第4版）全2册 网络爬虫书籍计算机 视频编程从入门到精通,0条评价,清流图书专营店
￥97.50,包邮 玩转Django 2.0+玩转Python网络爬虫书籍 黄永祥2本 区域包邮 基于Python 3从零基础到项目实战书籍 深入剖析Django 2.0书籍,0条评价,春雨图书专营店
￥40.00,Python网络爬虫从入门到实践 正版书籍 新华书店发货 二手99新 开学季 感恩回馈，特惠专场，点击进入。,0条评价,古的旧书图书专营店
￥40.00,Python网络爬虫从入门到实践 正版书籍 新华书店发货 二手99新,0条评价,布客旧书专营店
￥169.80,包邮Python网络爬虫实战 第2版+用Python写网络爬虫+Python3 网络爬虫开发实战,0条评价,蓝墨水图书专营店
￥35.30,Python 3爬虫 数据清洗与可视化实战 Python数据抓取技术 python3网络爬虫教程,0条评价,云聚算图书专营店
￥103.80,包邮Python 3.6零基础入门与实战+Python网络爬虫实战第2版书籍 区域包邮 Python3网络爬虫基础教程Python网络爬虫从入门到实践程序代码设计书籍,0条评价,蓝墨水图书专营店
￥95.00,包邮 Python网络爬虫实战 第2版+用Python写网络爬虫书籍 2本 区域包邮 python3网络爬虫开发实战 爬虫书籍教程 数据爬取采集分析教程书籍L9,0条评价,书海寻梦图书专营店
￥118.60,包邮Python编程无师自通 专业程序员的养成+Python 3网络爬虫开发实战书籍 区域包邮 用Python写网络爬虫 计算机编程入门基础到精通教程书籍,0条评价,蓝墨水图书专营店
￥41.20,自己动手写网络爬虫（修订版）java语言 程序代码设计 罗刚 网络爬虫书籍 数据抓取,0条评价,黄金屋图书专营店
￥183.50,包邮 虫术 Python绝技+用Python写网络爬虫第2版+Python 3网络爬虫开发实战书籍,5条评价,蓝墨水图书专营店
￥42.30,精通Scrapy网络爬虫 scrapy爬虫编写教程书籍 scrapy爬虫编程程序设计,70+条评价,蓝墨水图书专营店
￥133.60,包邮Python网络爬虫实战第2版+Python 3网络爬虫开发实战书籍 区域包邮,0条评价,蓝墨水图书专营店
￥30.10,少儿科普书系奇妙的爬虫 畅销书籍 童书 正版 (英)嘉莉・洛夫 满额包邮 正版保证 优质服务 海量选择,0条评价,智胜图书专营店
￥109.80,包邮Python网络爬虫实战 第2版+玩转Python网络爬虫程序设计书籍 区域包邮 Python网络爬虫数据分析采集Python 3Scrapy使用书籍,0条评价,蓝墨水图书专营店
￥98.00,包邮玩转Django 2.0+玩转Python网络爬虫书籍 黄永祥2本 区域包邮 基于Python 3从零基础到项目实战书籍 深入剖析Django 2.0书籍,2条评价,书海寻梦图书专营店
￥39.00,用Python写网络爬虫 2版 python3网络爬虫开发实战 数据爬取采集分析 爬虫教程,1条评价,旷氏文豪图书专营店
￥91.00,上海速发 Python编程从入门到实践 python基础教程 Python核心编程网络爬虫书籍 利用,0条评价,聚齐儿图书专营店
￥48.60,数据科学实战之网络爬取 Python实践和示例 Python编程网络爬取爬虫指南教程,2条评价,蓝墨水图书专营店
￥41.60,Python 3.6零基础入门与实战 Python3 网络爬虫开发教程书籍 Scrapy数据分析处理方法gerapy爬虫管理python网络爬虫编程教程入门书,0条评价,蓝墨水图书专营店
￥155.60,笨办法学Python3+Python3 网络爬虫开发实战+Python 3爬虫 书籍 C5 python编程入门书籍 Scrapy数据分析处理手册书籍,0条评价,书海寻梦图书专营店
￥34.20,用Python写网络爬虫 第2 版 爬虫书籍教程 数据爬取采集分析教程书籍 C7正版书籍,0条评价,书海寻梦图书专营店
￥19.60,玩转折纸--爬虫 童书 书籍,0条评价,读买天下图书专营店
￥63.70,Python爬虫开发与项目实战 正版书籍 新华书店发货 二手99新 开学季 感恩回馈，特惠专场，点击进入。,0条评价,古的旧书图书专营店
￥63.70,Python爬虫开发与项目实战 正版书籍 新华书店发货 二手99新,0条评价,布客旧书专营店
￥51.60,包邮 数据科学实战之网络爬取 Python实践和示例 Python编程网络爬取爬虫指南教程,0条评价,兰兴达图书专营店
￥17.40,神奇动物档案:爬虫 童书 书籍 科普/百科,0条评价,读买天下图书专营店
￥118.60,包邮 Python编程无师自通 专业程序员的养成+Python 3网络爬虫开发实战书籍 共2册,0条评价,兰兴达图书专营店
￥115.00,疯狂Python讲义 李刚 著 计算机程序设计pathon核心技术网络爬虫书籍 零基础入门学习Pyt,0条评价,书墨飘香图书专营店
￥190.68,Python编程快速上手+Java编程思想（第4版）全2册 网络爬虫书籍计算机 视频编程从入门到精通,0条评价,尚品尚轩图书专营店
￥208.32,【套餐2本】Python基础教程 Python编程从入门到精通 python数据结构网络爬虫书籍 P,0条评价,尚品尚轩图书专营店
￥102.00,【赠源代码】Python编程从入门到实践 python3.5绝技核心编程基础教程 网络爬虫入门,0条评价,荣丰通达图书专营店
￥178.00,Python编程快速上手+Java编程思想（第4版）全2册 网络爬虫书籍计算机 视频编程从入门到精通,0条评价,宿迁姬美人图书专营店
￥104.00,Python学习手册 第4版 Python基础教程运维实践 核心编程基础教程网络爬虫入门书籍pyth,0条评价,清流图书专营店
￥72.00,现货 像计算机科学家一样思考Python 第2版 核心编程基础视频教程网络爬虫入门书籍 pytho,0条评价,名洋图书专营店
￥194.00,【套餐2本】Python基础教程 Python编程从入门到精通 python数据结构网络爬虫书籍 P #EEFFFF #6,0条评价,宿迁姬美人图书专营店
￥147.50,包邮 虫术 Python绝技+Python 3网络爬虫开发实战 深入分析爬虫测试与调试书籍,2条评价,蓝墨水图书专营店
￥42.20,自己动手写网络爬虫（修订版）java语言 程序代码设计 罗刚 网络爬虫书籍 数据抓取,0条评价,华下博文图书专营店
￥41.00,像计算机科学家一样思考yton 第2版 绝技核心编程基础视频教程网络爬虫入门书籍yton从入门到精通,0条评价,博鸿图书专营店
￥219.00,【2本】Python基础教程 Python编程从入门到精通 pathon核心技术网络爬虫书籍 零基础 #FF99FF #49,0条评价,宿迁姬美人图书专营店
￥18.20,神奇动物档案:爬虫 童书 书籍 囤书过大年，悦读越欢喜。,0条评价,蔚蓝书店
￥33.60,包邮 Python 3爬虫、数据清洗与可视化实战 零一 python3网络爬虫教程书籍 区域包邮 Python数据抓取技术 Python工具书 Python基础入门书,0条评价,春雨图书专营店
￥55.54,玩转PYTHON网络爬虫 黄永祥 图书籍,0条评价,中梦图书专营店
￥19.60,玩转折纸--爬虫 童书 书籍 囤书过大年，悦读越欢喜。,0条评价,蔚蓝书店
￥235.20,【2本】Python基础教程 Python编程从入门到精通 pathon核心技术网络爬虫书籍 零基础,0条评价,尚品尚轩图书专营店
￥81.00,正版 网络爬虫全解析 技术原理与实践/网络爬虫教程书籍/python网络爬虫/网络数据采集/数据抓取,0条评价,名洋图书专营店
￥74.00,虫术-Python绝技 Python编程技巧 python绝技核心编程基础教程网络爬虫入门书籍pyt,0条评价,清流图书专营店
￥46.00,像计算机科学家一样思考Python 第2版 绝技核心编程基础视频教程网络爬虫入门书籍 python从,0条评价,清流图书专营店
￥66.60,包邮Python编程从入门到实践python3核心编程基础教程网络爬虫入门书籍 零基础学python,0条评价,春雨图书专营店
￥97.72,上海速发 Python编程从入门到实践 python基础教程 Python核心编程网络爬虫书籍 利用,0条评价,尚品尚轩图书专营店
￥158.20,yton编程快速上手让繁琐工作自动化+yton核心编程第3版2册 编程基础教程网络入门yto,0条评价,博鸿图书专营店
￥74.30,正版现货 python编程从入门到精通 零基础学python从入门到实践python爬虫书籍 pyt,0条评价,宏田墨农图书专营店
￥35.00,Python网络爬虫实例教程 视频讲解版 有趣 好玩 有深度的Python网络爬虫课程书籍,0条评价,荣丰通达图书专营店
￥88.00,Python编程从入门到实践 零基础学python基础教程实战 pathon核心技术网络 红色 #33,0条评价,君阳图书专营店
￥35.00,Python网络爬虫从入门到实践 python数据抓取技术教程书籍 python网络爬虫 点击购买套装Python网络爬虫从入门到实践+Python 网络爬虫实战python数据抓,10条评价,义博图书专营店
￥122.00,【赠源代码】Python编程从入门到实践 python3.5绝技核心编程基础教程 网络爬虫入门,0条评价,小脚鸭图书专营店
￥93.00,正版 Python编程从入门到实践 python3.0绝技核心编程基础教程 网络爬虫入门书籍 pyt,0条评价,蓝色乐享图书专营店
￥90.00,利用Python进行数据分析 Python编程从入门到实践 核心编程基础教程 网络爬虫入门 py,0条评价,小脚鸭图书专营店
￥19.60,玩转折纸--爬虫 童书 书籍,0条评价,青草书店专营店
￥138.00,2本套 Python编程+网络爬虫入门书籍 Python程序设计书籍 网络爬虫从入门到精通 Pyth,0条评价,小脚鸭图书专营店
￥77.00,Python数据分析基础 Python编程从入门到实践 核心编程基础教程 网络爬虫入门 pyth,0条评价,小脚鸭图书专营店
￥65.00,Python 网络数据采集 Python编程从入门到实践 核心编程基础教程 网络爬虫入门 pyt,0条评价,小脚鸭图书专营店
￥89.00,正版 Python编程从入门到实践 python3.0绝技核心编程基础教程 网络爬虫入门书籍 pyt,0条评价,博雅馨轩图书专营店
￥80.00,2018新版 Python编程从入门到实践python3.5绝技核心编程基础教程网络爬虫入门py,0条评价,小脚鸭图书专营店
￥94.00,Python 金融大数据分析 Python编程从入门到实践 核心编程基础教程 网络爬虫入门 py,0条评价,小脚鸭图书专营店
￥208.80,正版 Python从菜鸟到高手+Python Web开发实战+用Python写网络爬虫 第2版书籍,0条评价,荣丰通达图书专营店
￥55.54,精通Python网络爬虫 韦玮 著 图书籍,0条评价,中梦图书专营店
￥94.00,Python 数据处理 Python编程从入门到实践 核心编程基础教程 网络爬虫入门书籍 pytho,0条评价,小脚鸭图书专营店
￥118.00,[2本套] 父与子的编程之旅+教孩子学编程 核心编程基础教程网络爬虫入门书籍python视频编程从入,0条评价,小脚鸭图书专营店
￥140.00,Python编程从入门到实践 深度学习入门 python3.5绝技核心编程基础教程 网络爬虫入门,0条评价,小脚鸭图书专营店
￥115.00,Python学习手（第4版）Python编程从入门到实践 核心编程基础教程 网络爬虫入门 pyt,0条评价,小脚鸭图书专营店
￥89.30,Python编程从入门到实践python3.5绝技核心编程基础教程网络爬虫入门书籍python视频,0条评价,博雅文苑图书专营店
￥112.00,包邮Python 3网络爬虫开发实战+Python网络爬虫从入门到实践教程书籍 全新正版 区域包邮 用Python编写网络爬虫程序书,2条评价,义博图书专营店
￥80.50,2018新版 Python编程从入门到实践python3.5绝技核心编程基础教程网络爬虫入门py,0条评价,博雅文苑图书专营店
￥93.00,现货 Python编程从入门到实践python3.5绝技核心编程基础教程网络爬虫入门书籍python,0条评价,蓝色乐享图书专营店
￥118.00,[2本套] 父与子的编程之旅+和孩子一起玩编程 核心编程基础教程网络爬虫入门书籍python视频编程,0条评价,小脚鸭图书专营店
￥70.90,DGFX【】网络爬虫全解析 技术、原理与实践/网络爬虫教程书籍/网络数据采集/数据抓取技术/信息采集,0条评价,黄金屋图书专营店
￥91.00,上海速发 Python编程从入门到实践 python基础教程 Python核心编程网络爬虫书籍 利用,0条评价,钰博（北京）图书专营店
￥91.00,上海速发 Python编程从入门到实践 python基础教程 Python核心编程网络爬虫书籍 利用,0条评价,秋色宜人图书专营店
￥103.00,包邮 Python 3.6零基础入门与实战+Python网络爬虫实战书籍 第2版 2本 区域包邮 基于Python 3.6.4 快速掌握网络爬虫技术书 快速掌握大数据处理工具书,0条评价,书海寻梦图书专营店
￥138.00,Python编程无师自通 专业程序员的养成+疯狂Python讲义 李刚 网络爬虫开发程序,0条评价,云聚算图书专营店
￥73.00,网络爬虫全解析 技术 原理与实践 网络爬虫java开发教程书籍 程序设计开发书 网络数据采集 数据抓,0条评价,文雅图书专营店
￥45.80,Python 3.6零基础入门与实战 Python 3.6入门书籍 爬虫编程 大数据分析处理 预售 区域包邮,0条评价,旷氏文豪图书专营店
￥147.80,包邮用Python写网络爬虫 第2版+网络爬虫开发实战+Python网络爬虫从入门到实践,0条评价,蓝墨水图书专营店
￥95.80,【包邮】玩转Python网络爬虫+HTTP抓包实战 Python3网络爬虫项目开发教程书籍,5条评价,蓝墨水图书专营店
￥52.00,毫无障碍学Python 零基础Python程序设计从入门到精通Python视频教程网络爬虫入门附,0条评价,百华图书专营店
￥46.90,精通Scrapy网络爬虫 scrapy爬虫编写教程书籍,2条评价,旷氏文豪图书专营店
￥29.26,用Python写网络爬虫 第2版 python3网络爬虫开发实战 爬虫书籍教程 数据爬取采集分析教,0条评价,翩若惊鸿图书专营店
￥90.00,Python编程从入门到实践 零基础学python基础教程实战 pathon核心技术网络,0条评价,樱桃树文化图书专营店
￥36.00,Python网络爬虫实例教程 视频讲解版 有趣 好玩 有深度的Python网络爬虫课程书籍,0条评价,书海寻梦图书专营店
￥19.10,奇妙的爬虫（精） 童书 书籍 科普/百科,0条评价,读买天下图书专营店
￥31.90,Python 3爬虫 数据清洗与可视化实战 零一 Python3网络爬虫开发实战教程书籍,40+条评价,蓝墨水图书专营店
￥55.20,Python项目案例开发从入门到实战 爬虫、游戏和机器学习书籍,4条评价,蓝墨水图书专营店
￥41.80,Python 3.7编程快速入门 Python3网络爬虫项目开发教程书籍 精通python3.7核心编程基础教程Scrapy爬虫实战Python编程从入门到实践书籍,0条评价,蓝墨水图书专营店
￥38.00,像计算机科学家一样思考Python（第2版） 核心编程基础视频教程网络爬虫入门,1条评价,辽海出版社图书专营店
￥59.90,Python带我起飞―入门 进阶 商业实战 Python3.5教程书籍 爬虫项目机器学习人工智能,0条评价,旷氏文豪图书专营店
￥91.00,上海速发 Python编程从入门到实践 python基础教程 Python核心编程网络爬虫书籍 利用,0条评价,经纬宏图图书专营店
￥72.60,包邮 虫术 Python绝技 梁睿坤 著 Python 3网络爬虫开发实战教程书籍 区域包邮 深入分析爬虫测试与调试过程 可视化爬虫详解 Scrapy数据分析处理书籍,0条评价,蓝墨水图书专营店
￥91.00,现货Python编程从入门到实践 python3.5绝技核心编程基础教程网络爬虫入门书籍 pytho,0条评价,聚齐儿图书专营店
￥41.70,正版现货 Python 3爬虫 数据清洗与可视化实战 零一 python3网络爬虫教程书籍 Pyt,0条评价,北京京广博图书图书专营店
￥49.00,Python 3爬虫 数据清洗与可视化实战 零一 python3网络爬虫教程书籍 Python数据抓,0条评价,锋发韵流图书专营店
￥46.00,Python 3爬虫、数据清洗与可视化实战 Python数据抓取技术 python3网络爬虫教程,锋发韵流图书专营店,险
￥53.80,Python编程从入门到精通书籍 web开发大数据网络爬虫项目开发实战书籍,蓝墨水图书专营店,券99-2
￥42.60,Python数据爬取技术与实战手册 Python 3网络爬虫开发实战教程书籍 Python网络爬虫从入门到实践 网络爬虫技术 Scrapy框架开发书,蓝墨水图书专营店,券99-2
￥90.00,正版 Python编程从入门到实践 python3.0绝技核心编程基础教程 网络爬虫入门书籍 pyt,0条评价,书在梦香图书专营店
￥85.90,【】Python编程基础教程从入门到实践python3.5核心编程计算机网络爬虫入门python,0条评价,黄金屋图书专营店
￥89.50,【】Python编程从入门到实践python3.5绝技核心编程基础教程网络爬虫入门书籍python视,0条评价,黄金屋图书专营店
￥90.70,上海速发 Python编程从入门到实践 python基础教程 Python核心编程网络爬虫书籍 利用,0条评价,铂悦居图书专营店
￥41.70,计算机科学家一样思考Python 第2版 核心编程基础视频教程网络爬虫入门书籍 python从入门到,0条评价,黄金屋图书专营店
￥91.00,Python编程从入门到实践python3.5绝技核心编程基础教程网络爬虫入门书籍python视频,0条评价,书在梦香图书专营店
￥36.80,像计算机科学家一样思考Python2版 绝技核心编程基础视频教程网络爬虫入门书籍 python从入门,0条评价,品轩图书专营店
￥91.00,Python编程从入门到实践python3.5绝技核心编程基础教程网络爬虫入门书籍python视频编,0条评价,聚齐儿图书专营店
￥72.10,正版 Python编程从入门到实践 python3.0 绝技核心编程基础视频教程网络爬虫入门 p,10+条评价,华文兄弟图书专营店
￥140.00,2本套 Python编程+网络爬虫入门书籍 Python程序设计书籍 网络爬虫从入门到精通 Pyth,0条评价,书墨飘香图书专营店
￥189.00,3本套 和孩子一起学编程 核心编程基础教程网络爬虫入门书籍python视频编程从入门到精通程序设计教,0条评价,书墨飘香图书专营店
￥47.00,Python 3爬虫数据清洗与可视化实战 python3网络爬虫教程书籍 Python数据抓取技术,0条评价,书墨飘香图书专营店
￥25.90,正版书籍 爬虫-炫动科技 满65包邮（偏远地区除外）正规发票，海量选择,0条评价,别样青春图书专营店
￥113.00,上海速发 Python编程从入门到实践 python基础教程 Python核心编程网络爬虫书籍 利用,0条评价,海马艺树图书专营店
￥92.00,上海速发 Python编程从入门到实践 python基础教程 Python核心编程网络爬虫书籍 利用,0条评价,海马艺树图书专营店
￥96.00,虫术-Python绝技 Python编程技巧 python绝技核心编程基础教程网络爬虫入门书籍pyt,0条评价,致盛图书专营店
￥92.00,上海速发 Python编程从入门到实践 python基础教程 Python核心编程网络爬虫书籍 利用,0条评价,暗香盈袖图书专营店
￥143.00,Python编程从入门到实践 深度学习入门 python3.5绝技核心编程基础教程 网络爬虫入门,0条评价,书墨飘香图书专营店
￥120.00,[2本套] 父与子的编程之旅+教孩子学编程 核心编程基础教程网络爬虫入门书籍python视频编程从入,0条评价,书墨飘香图书专营店
￥47.20,新华正版 精通Scrapy网络爬虫 Python流行框架 scrapy爬虫编写教程书籍,0条评价,北方文艺出版社图书旗舰店
￥124.00,【源代码】Python编程从入门到实践 python3.5绝技核心编程基础教程 网络爬虫入门 p,0条评价,书墨飘香图书专营店
￥87.00,Python编程从入门到实践python3.5绝技核心编程基础教程网络爬虫入门书籍python视频编,0条评价,书墨飘香图书专营店
￥87.00,Python编程从入门到实践 python3.0绝技核心编程基础教程 网络爬虫入门书籍 python,0条评价,致盛图书专营店
￥142.00,2本套 Python编程+网络爬虫入门书籍 Python程序设计书籍 网络爬虫从入门到精通 Pyth,0条评价,久顺立华图书专营店
￥103.00,上海速发 Python编程从入门到实践 python基础教程 Python核心编程网络爬虫书籍 利用,0条评价,暗香盈袖图书专营店
￥113.00,上海速发 Python编程从入门到实践 python基础教程 Python核心编程网络爬虫书籍 利用,0条评价,久丰辉煌图书专营店
￥90.70,上海速发 Python编程从入门到实践 python基础教程 Python核心编程网络爬虫书籍 利用,0条评价,云宵争鸣图书专营店
￥47.50,精通Scrapy网络爬虫 刘硕 编著 图书籍,0条评价,中梦图书专营店
￥19.10,奇妙的爬虫（精） 童书 书籍 囤书过大年，悦读越欢喜。,0条评价,蔚蓝书店
￥117.00,Python学习手（第4版）Python编程从入门到实践 核心编程基础教程 网络爬虫入门 pyt,0条评价,书墨飘香图书专营店
￥92.00,上海速发 Python编程从入门到实践 python基础教程 Python核心编程网络爬虫书籍 利用,0条评价,久丰辉煌图书专营店
￥103.00,上海速发 Python编程从入门到实践 python基础教程 Python核心编程网络爬虫书籍 利用,0条评价,策马扬鞭图书专营店
￥87.00,现货 Python编程从入门到实践python3.5绝技核心编程基础教程网络爬虫入门书籍python,0条评价,致盛图书专营店
￥89.00,虫术-Python绝技 Python编程技巧 python绝技核心编程基础教程网络爬虫入门书籍pyt,0条评价,书墨飘香图书专营店
￥92.00,上海速发 Python编程从入门到实践 python基础教程 Python核心编程网络爬虫书籍 利用,0条评价,策马扬鞭图书专营店
￥69.50,Python 3爬虫 数据清洗与可视化实战 零一 python3网络爬虫教程书籍 Python数据抓,0条评价,尚品二手图书专营店
￥118.60,包邮 Python编程无师自通 专业程序员的养成+Python 3网络爬虫开发实战书籍 2本,0条评价,春雨图书专营店
￥91.00,Python编程从入门到实践python3.5绝技核心编程基础教程网络爬虫入门书籍python视频编,0条评价,畅世雕龙图书专营店
￥78.00,正版 Python带我起飞入门进阶商业实战 Python教程书籍 爬虫项目机器学习人工智能数据分析,0条评价,圣源曙光图书专营店
￥108.00,Python网络爬虫实战 第2版+玩转Python网络爬虫程序设计书籍 2本 区域包邮 品质好书 正版保障服务 发货及时 售后无忧X9,0条评价,荣丰通达图书专营店
￥52.00,正版用Python写网络爬虫第2版网络爬虫开发实战教程书籍基础教学入门Python3深入理解计算机系,0条评价,文雅图书专营店
￥145.60,包邮 Python3 面向对象编程（第2版）+Python 3网络爬虫开发实战书籍 2本 区域包邮 Python3并发编程 设计模式实现技巧书,0条评价,春雨图书专营店
￥104.00,Python编程基础教程从入门到实践python3.5核心编程计算机网络爬虫入门py,0条评价,小淘人图书专营店
￥51.80,正版现货 正版 像计算机科学家一样思考Python 第2版 核心编程基础视频教程网络入门 p,0条评价,宏田墨农图书专营店
￥102.48,虫术-Python绝技 Python编程技巧 python绝技核心编程基础教程网络爬虫入门书籍pyt,0条评价,尚品尚轩图书专营店
￥82.00,Python 3.6零基础入门与实战 网络爬虫开发教程书籍 Scrapy数据分析处理方法gerapy,0条评价,名洋图书专营店
￥104.00,现货 Python编程从入门到实践python3.5绝技核心编程基础教程网络爬虫入门书籍python,0条评价,小淘人图书专营店
￥115.60,包邮 虫术 Python绝技+精通Python爬虫框架Scrapy书籍 2本 区域包邮 Python 3网络爬虫开发实战教程书籍 深入分析爬虫测试与调试过程可视化爬虫书,2条评价,春雨图书专营店
￥52.00,毫无障碍学Python 零基础Python程序设计从入门到精通Python视频教程网络爬虫入门附,0条评价,畅世雕龙图书专营店
￥76.10,yton 3.6零基础入门与实战 网络爬虫开发教程书籍 Scray数据分析处理方法geray爬虫管理,0条评价,博鸿图书专营店
￥137.00,包邮Python编程无师自通程序员的养成+疯狂Python讲义 李刚 网络爬虫开发程序,0条评价,荣丰通达图书专营店
￥90.00,Python数据分析基础 Python编程从入门到实践 核心编程基础教程 网络爬虫入门 pyth,0条评价,小淘人图书专营店
￥77.00,现货网络爬虫全解析 技术原理与实践/网络爬虫教程书籍/python网络爬虫/网络数据采集/数据抓取技,0条评价,尚品尚轩图书专营店
￥132.00,包邮 Python网络爬虫实战 第2版+Python 3网络爬虫开发实战书籍 2本 区域包邮 品质好书 正版保障服务 发货及时 售后无忧X9,0条评价,荣丰通达图书专营店
￥19.10,奇妙的爬虫（精） 童书 书籍,0条评价,青草书店专营店
￥184.00,虫术 Python绝技+用Python写网络爬虫第2版+Python 3网络爬虫开发实战书籍 品质好书 正版保障服务 发货及时 售后无忧7x,0条评价,荣丰通达图书专营店
￥109.00,Python 金融大数据分析 Python编程从入门到实践 核心编程基础教程 网络爬虫入门 py,0条评价,小淘人图书专营店
￥37.00,Python 3爬虫数据清洗与可视化实战 python3网络爬虫基础教程书籍 Python数据抓取技,0条评价,清流图书专营店
￥136.00,【2本套】Python编程-从入门到实践＋Python网络爬虫 核心编程语言书籍 计算机程序设计从零,0条评价,文雅图书专营店
￥94.00,2018新版 现货Python编程从入门到实践python3.5绝技核心编程基础教程网络爬虫入门,0条评价,小淘人图书专营店
￥80.40,【满】现货 Python编程从入门到实践python3.5绝技核心编程基础教程网络爬虫入门pyt,0条评价,华下博文图书专营店
￥95.00,虫术-Python绝技 Python编程技巧 python绝技核心编程基础教程网络爬虫入门书籍pyt #FFEEFF #38,0条评价,宿迁姬美人图书专营店
￥48.60,数据科学实战之网络爬取 Python实践和示例 Python编程网络爬取爬虫指南教程,0条评价,荣丰通达图书专营店
￥39.40,现货 Python编程无师自通程序员的养成 Python3网络爬虫开发教程书籍 程序设计 软件开发 Python3环境配置和基础知识数据分析处理书籍,7条评价,荣丰通达图书专营店
￥51.38,像计算机科学家一样思考Python 第2版 绝技核心编程基础视频教程网络爬虫入门书籍 python从,0条评价,尚品尚轩图书专营店
￥90.00,现货 Python编程从入门到实践python3.5绝技核心编程基础教程网络爬虫入门书籍python,0条评价,东晟博雅图书专营店
￥123.60,包邮 玩转Python网络爬虫+Python 3网络爬虫开发实战书籍 2本 区域包邮 Python3环境配置和基础知识 数据抓取、数据清洗、数据入库书,0条评价,春雨图书专营店
￥131.60,包邮 Python网络爬虫实战 第2版+Python 3网络爬虫开发实战书籍 2本 区域包邮 Scrapy数据分析处理方法python网络爬虫编程基础教程入门书,0条评价,春雨图书专营店
￥84.00,Python 3.6零基础入门与实战 网络爬虫开发教程书籍 Scrapy数据分析处理方法gerapy,0条评价,圣源曙光图书专营店
￥43.00,Python 3爬虫 数据清洗与可视化实战 零一 python3网络爬虫教程书籍 Python数据抓 #DDFFFF #10,0条评价,宿迁姬美人图书专营店
￥41.00,像计算机科学家一样思考Python 第2版 绝技核心编程基础视频教程网络爬虫入门书籍 python从,0条评价,畅世雕龙图书专营店
￥118.60,包邮 Python编程无师自通程序员的养成+Python 3网络爬虫开发实战书籍 区域包邮 用Python写网络爬虫 计算机编程入门基础到精通教程书籍,0条评价,荣丰通达图书专营店
￥46.00,Python 3爬虫 数据清洗与可视化实战 零一 python3网络爬虫教程书籍 Python数据抓,0条评价,尚品尚轩图书专营店
￥149.00,利用Python进行数据分析 Python编程从入门到实践 核心编程基础教程 网络爬虫入门 py,0条评价,小淘人图书专营店
￥75.00,网络爬虫全解析 技术 原理与实践 网络爬虫java开发教程书籍 程序设计开发书 网络数据采集 数据抓,0条评价,尚达天恒图书专营店
￥142.00,【赠源代码】Python编程从入门到实践 python3.5绝技核心编程基础教程 网络爬虫入门,0条评价,小淘人图书专营店
￥74.00,Python 网络数据采集 Python编程从入门到实践 核心编程基础教程 网络爬虫入门 pyt,0条评价,小淘人图书专营店
￥41.30,正版yton 3爬虫数据清洗与可视化实战yton3网络爬虫基础教程书籍yton数据抓取技术开发实战y,0条评价,博鸿图书专营店
￥161.00,2本套 Python编程+网络爬虫入门书籍 Python程序设计书籍 网络爬虫从入门到精通 Pyth,0条评价,小淘人图书专营店
￥138.00,[2本套] 父与子的编程之旅+和孩子一起玩编程 核心编程基础教程网络爬虫入门书籍python视频编程,0条评价,小淘人图书专营店
￥47.46,计算机科学家一样思考Python 第2版 核心编程基础视频教程网络爬虫入门书籍 python从入门到,0条评价,尚品尚轩图书专营店
￥71.60,正版yton带我起飞入门进阶商业实战yton教程书籍 爬虫项目机器学习人工智能数据分析 人脸识别开发,0条评价,博鸿图书专营店
￥74.00,Python 3.6零基础入门与实战 网络爬虫开发教程书籍 Scrapy数据分析处理方法gerapy,0条评价,清流图书专营店
￥70.80,正版现货 【正版】Python编程从入门到实践python3.5绝技核心编程基础教程网络入门,0条评价,宏田墨农图书专营店
￥145.80,包邮 虫术 Python绝技 +Python 3网络爬虫开发实战书籍 代码兼顾Python 2、3 区域包邮 共2本 深入分析爬虫测试与调试 可视化爬虫详解 数据爬取技术书籍,0条评价,春雨图书专营店
￥80.00,Python带我起飞入门进阶商业实战 Python教程书籍 爬虫项目机器学习人工智能数据分析 人脸识,0条评价,名洋图书专营店
￥72.00,现货网络爬虫全解析 技术原理与实践/网络爬虫教程书籍/python网络爬虫/网络数据采集/数据抓取技 #99FFFF #1,0条评价,宿迁姬美人图书专营店
￥42.00,像计算机科学家一样思考Python 第2版 绝技核心编程基础视频教程网络爬虫入门书籍 python从 #FF00FF #26,0条评价,宿迁姬美人图书专营店
￥59.00,正版 Python带我起飞入门进阶商业实战 Python教程书籍 爬虫项目机器学习人工智能数据分析,0条评价,清流图书专营店
￥75.00,网络爬虫全解析 技术 原理与实践 网络爬虫java开发教程书籍 程序设计开发书 网络数据采集 数据抓,0条评价,乐途心语图书专营店
￥74.00,网络爬虫全解析 技术 原理与实践 网络爬虫java开发教程书籍 程序设计开发书 网络数据采集 数据抓,0条评价,顶惠图书专营店
￥109.00,Python 数据处理 Python编程从入门到实践 核心编程基础教程 网络爬虫入门书籍 pytho,0条评价,小淘人图书专营店
￥90.74,上海速发 Python编程从入门到实践 python基础教程 Python核心编程网络爬虫书籍 利用,0条评价,与子偕老图书专营店
￥81.60,2018新版 现货Python编程从入门到实践python3.5绝技核心编程基础教程网络爬虫入门,0条评价,京诚图书专营店
￥106.20,Python学习手册 第4版 Python基础教程运维实践 核心编程基础教程网络爬虫入门书籍pyth,0条评价,京诚图书专营店
￥52.90,【正版】像计算机科学家一样思考Python 第2版 核心编程基础视频教程网络爬虫入门 pytho,0条评价,北京新脚步图书专营店
￥48.10,像计算机科学家一样思考Python 第2版 绝技核心编程基础视频教程网络爬虫入门书籍 python从,0条评价,阳光瑞盛图书专营店
￥40.60,正版Python编程无师自通程序员的养成 Python3网络爬虫开发教程书籍 程序设计 软件开发 Python3环境配置和基础知识数据分析处理书籍,0条评价,华智书源图书专营店
￥67.00,虫术-Python绝技 Python编程技巧 python绝技核心编程基础教程网络爬虫入门书籍pyt,0条评价,积简充栋图书专营店
￥50.60,正版全新 数据科学实战之网络爬取 Python实践和示例 Python编程网络爬取指南教程,0条评价,华智书源图书专营店
￥62.70,【正版】像计算机科学家一样思考Python 第2版 核心编程基础视频教程网络爬虫入门 pytho,0条评价,尚佳亿图书专营店
￥80.40,2018 Python编程从入门到实践python3.5绝技核心编程基础教程网络爬虫入门书籍pyth,0条评价,积简充栋图书专营店
￥75.00,网络爬虫全解析 技术 原理与实践 网络爬虫java开发教程书籍 程序设计开发书 网络数据采集 数据抓,0条评价,众星攒月图书专营店
￥33.00,正版 Python 3爬虫数据清洗与可视化实战 python3网络爬虫基础教程书籍 Python数据,0条评价,博雅馨轩图书专营店
￥49.60,全新正版！数据科学实战之网络爬取 Python实践和示例 Python编程网络爬取指南教程,0条评价,京文联发专营店
￥47.00,像计算机科学家一样思考Python 第2版 绝技核心编程基础视频教程网络爬虫入门书籍 python从,0条评价,京诚图书专营店
￥37.40,PYTHON网络爬虫实例教程(视频讲解版) 正版书籍 新华书店发货 二手99新,0条评价,古的旧书图书专营店
￥44.00,Python 3爬虫数据清洗与可视化实战 python3网络爬虫基础教程书籍 Python基础入门教,0条评价,博雅馨轩图书专营店
￥64.00,【正版】像计算机科学家一样思考Python 第2版 核心编程基础视频教程网络爬虫入门 pytho 茶色 #70,0条评价,君阳图书专营店
￥51.00,Python项目案例开发从入门到实战 爬虫、游戏和机器学习书籍 郑秋生,0条评价,书香神州图书专营店
￥117.60,正版全新Python编程无师自通程序员的养成+Python 3网络爬虫开发实战书籍 区域 用Python写网络爬虫 计算机编程入门基础到精通教程书籍,0条评价,华智书源图书专营店
￥47.60,正版数据科学实战之网络爬取 Python实践和示例 Python编程网络爬取爬虫指南教程,0条评价,华智书源图书专营店
￥63.40,虫术-Python绝技 Python编程技巧 python绝技核心编程基础教程网络爬虫入门书籍pyt,0条评价,京诚图书专营店
￥43.00,正版 Python 3爬虫数据清洗与可视化实战 python3网络爬虫基础教程书籍 Python数据,0条评价,博雅文苑图书专营店
￥21.90,奇妙的爬虫（精） 童书 书籍,0条评价,墨砚聚客图书专营店
￥44.00,Python 3爬虫数据清洗与可视化实战 python3网络爬虫基础教程书籍 Python基础入门教,0条评价,小脚鸭图书专营店
￥44.00,正版 Python 3爬虫数据清洗与可视化实战 python3网络爬虫基础教程书籍 Python数据,0条评价,小脚鸭图书专营店
￥89.30,正版 Python编程从入门到实践 python3.0绝技核心编程基础教程 网络爬虫入门书籍 pyt,0条评价,阳光瑞盛图书专营店
￥80.40,2018 Python编程从入门到实践python3.5绝技核心编程基础教程网络爬虫入门书籍pyth,0条评价,尚佳亿图书专营店
￥63.80,Python从小白到大牛 程序设计Python爬虫科学计算机器学习书籍 深度学习 从事Python开发人员以及高校学生参考学习书籍,6条评价,蓝墨水图书专营店
￥124.00,【赠源代码】Python编程从入门到实践 python3.5绝技核心编程基础教程 网络爬虫入门,0条评价,经纬宏图图书专营店
￥123.50,【赠源代码】Python编程从入门到实践 python3.5绝技核心编程基础教程 网络爬虫入门,0条评价,铂悦居图书专营店
￥72.20,图解服务器端网络架构 编程 计算机书籍yton爬虫 游戏开发 局域网组建 网站开发 网页设计 算法竞,0条评价,博鸿图书专营店
￥59.00,网络爬虫全解析 技术、原理与实践 网络爬虫java开发教程书籍 程序设计开发书 网络数据采集 数据抓,0条评价,清流图书专营店
￥33.80,正版用Python写网络爬虫第2版网络爬虫开发实战教程书籍基础教学入门Python3深入,5条评价,友杰图书专营店
￥52.00,正版用Python写网络爬虫第2版网络爬虫开发实战教程书籍基础教学入门Python3深入理解计算机系,0条评价,顶惠图书专营店
￥97.24,虫术-Python绝技 Python编程技巧 python绝技核心编程基础教程网络爬虫入门书籍pyt,0条评价,旭洋景辉图书专营店
￥94.93,现货 Python编程从入门到实践python3.5绝技核心编程基础教程网络爬虫入门书籍python,0条评价,旭洋景辉图书专营店
￥79.00,Python带我起飞入门进阶商业实战 Python教程书籍 爬虫项目机器学习人工智能数据分析 人脸,0条评价,华研外语官方旗舰店
￥132.00,包邮Python网络爬虫实战 第2版+Python 3网络爬虫开发实战书籍 2本 区域包邮 Scrapy数据分析处理方法python网络爬虫编程基础教程入门书L9,0条评价,书海寻梦图书专营店
￥87.51,【速发】Python编程基础教程从入门到实践python3.5核心编程计算机网络爬虫入门pyth,0条评价,翩若惊鸿图书专营店
￥123.80,Python编程无师自通 专业程序员的养成+Python 3网络爬虫开发实战 Python书籍,0条评价,云聚算图书专营店
￥35.80,PYTHON 3爬虫.数据清洗与可视化实战 正版书籍 新华书店发货 二手99新,0条评价,古的旧书图书专营店
￥136.00,【2本套】Python编程-从入门到实践＋Python网络爬虫 核心编程语言书籍 计算机程序设计从零,0条评价,尚达天恒图书专营店
￥41.80,Python 3.7编程快速入门 Python3网络爬虫项目开发教程书籍 python3.7核心编程基础教程Scrapy爬虫实战Python编程从入门到实践,0条评价,旷氏文豪图书专营店
￥44.00,现货正版 Python 3爬虫数据清洗与可视化实战 python3网络爬虫基础教程书籍 Python,0条评价,聚齐儿图书专营店
￥52.00,用Python写网络爬虫第2版网络爬虫开发实战教程书籍基础教学入门Python3深入理解计算机系,0条评价,尚达天恒图书专营店
￥72.00,网络爬虫全解析 技术 原理与实践 网络爬虫java开发教程书籍 程序设计开发书 网络数据采集 数据抓,0条评价,唐辉图书专营店
￥148.00,虫术 Python绝技+Python 3网络爬虫开发实战 深入分析爬虫测试与调试书籍 品质好书 正版保障服务 发货及时 售后无忧7x,0条评价,荣丰通达图书专营店
￥91.00,正版 Python编程从入门到实践 python3.0绝技核心编程基础教程 网络爬虫入门书籍 pyt,0条评价,秋色宜人图书专营店
￥183.80,虫术 Python绝技+用Python写网络爬虫第2版+Python 3网络爬虫开发实战书籍 C7 Scrapy数据分析处理手册python3爬虫项目开发教程书籍,0条评价,书海寻梦图书专营店
￥45.00,Python 3.6零基础入门与实战 Python 3.6入门书籍 爬虫编程 大数据分析处理 正版图书L9,0条评价,书海寻梦图书专营店
￥51.00,用Python写网络爬虫第2版网络爬虫开发实战教程书籍基础教学入门Python3深入理解计算机系,0条评价,乐途心语图书专营店
￥59.00,Python爬虫开发与项目实战 零基础学习爬虫技术 Python编程入门书籍 点击购买套装书查看Python爬虫开发与项目实战+精通Python网络爬虫 图书 2本,4条评价,蓝墨水图书专营店
￥80.00,2018新版 Python编程从入门到实践python3.5绝技核心编程基础教程网络爬虫入门py,0条评价,宏博汇嘉图书专营店
￥66.00,【正版】像计算机科学家一样思考Python 第2版 核心编程基础视频教程网络爬虫入门 pytho,0条评价,樱桃树文化图书专营店
￥133.00,【2本套】Python编程-从入门到实践＋Python网络爬虫 核心编程语言书籍 计算机程序设计从零,0条评价,乐途心语图书专营店
